{"accuracy": [0.6267195343971252, 0.7821291089057922, 0.8392613530158997, 0.8770603537559509, 0.9133721590042114, 0.9258891940116882, 0.9468335509300232], "loss": [1.0189502239227295, 0.6228405237197876, 0.4715699851512909, 0.3570226728916168, 0.26767632365226746, 0.21811899542808533, 0.16069269180297852], "val_accuracy": [0.7484822273254395, 0.8269731402397156, 0.8356461524963379, 0.8716391921043396, 0.8816131949424744, 0.8703382611274719, 0.9037293791770935], "val_loss": [0.7140082716941833, 0.5108089447021484, 0.48034319281578064, 0.36920517683029175, 0.3491327464580536, 0.40828248858451843, 0.31100183725357056]}